ds,y,yhat,Absolute_Error,Percentage_Error
2025-03-20,3378.256704334626,3420.2686852144225,42.01198087979628,1.243599422918066
2025-03-21,3208.6106783987625,3358.7656215720554,150.15494317329285,4.679749530978522
2025-03-22,3209.3494136530653,3314.7502837680445,105.40087011497917,3.284181824097672
2025-03-23,3209.2374338644804,3303.0518705413515,93.81443667687108,2.9232625696971937
2025-03-24,3208.3904737778466,3301.9166966221374,93.52622284429071,2.915051132606205
2025-03-25,3208.2744465501237,3272.31819663195,64.04375008182615,1.9962054727173595
2025-03-26,3208.8772079981436,3235.9036733874123,27.02646538926865,0.8422405607140417
2025-03-27,3209.186575262995,3203.839928399414,5.3466468635811,0.1666044257069391
2025-03-28,3208.8772079981436,3176.0856405583,32.791567439843675,1.021901597172697
2025-03-29,3208.638539990718,3148.7840997388503,59.8544402518678,1.8654154871567723
2025-03-30,3208.383705522896,3141.3231949908477,67.06051053204828,2.0901649143963255
2025-03-31,3208.5269604733912,3145.120229055444,63.40673141794741,1.9761944405975098
2025-04-01,3205.6545904238865,3133.1155468404195,72.53904358346699,2.2628465275129686
2025-04-02,3205.6545904238865,3128.4159654922582,77.23862493162824,2.4094493886633903
2025-04-03,3205.6545904238865,3132.6239904218282,73.03060000205824,2.278180569429389
2025-04-04,3205.7580480352726,3133.886819068344,71.87122896692881,2.2419417775766592
2025-04-05,3205.4873178372527,3124.3905062843464,81.09681155290627,2.5299370582948497
2025-04-06,3205.7573131961635,3129.736695223294,76.02061797286933,2.371377822642358
2025-04-07,3205.6620161664605,3150.5155736711713,55.14644249528919,1.7202824944482733
2025-04-08,3205.425707379332,3162.2548496063164,43.17085777301554,1.3468057510623401
2025-04-09,3205.424701810025,3181.4154713149965,24.009230495028532,0.7490187019982439
2025-04-10,3205.695432008045,3200.413017301483,5.282414706562122,0.16478217655422187
2025-04-11,3205.5521770575497,3205.047623951495,0.5045531060545727,0.015739974836962836
2025-04-12,3206.059216042698,3194.742602860578,11.316613182120363,0.35297580049343824
2025-04-13,3206.059216042698,3205.0370868400864,1.0221292026117226,0.03188117042558424
2025-04-14,3206.2024709931934,3238.9605261520237,32.7580551588303,1.0217088738217694
2025-04-15,3205.924315052599,3263.1768281988216,57.252513146222554,1.785834833261908
2025-04-16,3205.924315052599,3280.5033855427323,74.57907049013329,2.3262891809381245
2025-04-17,3206.5334579981436,3276.2240840384943,69.69062604035071,2.173394631717298
2025-04-18,3205.376898592203,3241.7125072105873,36.33560861838441,1.133583031510053
2025-04-19,3205.7278036045795,3190.676902918327,15.05090068625259,0.469500269777399
2025-04-20,3205.6518444461635,3171.549094132677,34.10275031348647,1.063832005729816
2025-04-21,3205.9225746441834,3191.6338305991126,14.288744045070871,0.4456983508610385
2025-04-22,3204.813044941213,3214.263710456964,9.450665515751098,0.2948897605952067
2025-04-23,3204.2426937654704,3237.7306284577407,33.4879346922703,1.045112305551266
2025-04-24,3204.2426937654704,3245.9555631907047,41.7128694252342,1.301801187107187
2025-04-25,3203.976991413985,3230.161436570712,26.184445156726724,0.8172482270283394
2025-04-26,3204.1152958694306,3199.9935197905547,4.121776078875882,0.12864006748413362
2025-04-27,3204.1152958694306,3194.556864196301,9.55843167312969,0.2983173447426157
2025-04-28,3203.7034378867575,3212.151488779072,8.448050892314768,0.2636964081134586
2025-04-29,3203.7034378867575,3215.499736872557,11.796298985799694,0.3682082069862505
2025-04-30,3203.7034378867575,3213.1811474628407,9.47770957608327,0.2958360459960365
2025-05-01,3194.5744156095298,3203.6462420489765,9.071826439446795,0.2839760562508567
2025-05-02,3194.5744156095298,3186.0667876522425,8.50762795728724,0.2663149092948574
2025-05-03,3194.986273592203,3165.861058103602,29.125215488601043,0.9115912556286144
2025-05-04,3194.792894879332,3170.415474299859,24.377420579472982,0.7630360208495995
2025-05-05,3192.2101674659657,3189.5512705956608,2.658896870304943,0.08329328994073168
2025-05-06,3192.2101674659657,3187.782077063737,4.428090402228918,0.1387155033637405
2025-05-07,3192.326194693688,3182.878901392397,9.44729330129121,0.29593759300019473
2025-05-08,3192.326194693688,3180.246404715274,12.079789978414283,0.37840086638055387
2025-05-09,3192.326194693688,3176.78377634774,15.542418345948136,0.48686811428552873
2025-05-10,3192.3899323174505,3168.75691432911,23.633017988340725,0.7402923355037904
2025-05-11,3192.3899323174505,3176.784521561587,15.605410755863431,0.4888315991065352
2025-05-12,3192.467283802599,3193.3175494626857,0.850265660086734,0.026633496430822277
2025-05-13,3192.467283802599,3192.5819380359258,0.11465423332674618,0.003591398850301754
2025-05-14,3192.467283802599,3199.3866818956258,6.919398093026757,0.21674139397240588
2025-05-15,3192.467283802599,3215.4649434681373,22.997659665538322,0.720372602789697
2025-05-16,3192.467283802599,3224.826309339101,32.35902553650203,1.0136055489332587
2025-05-17,3192.467283802599,3211.7189424372973,19.251658634698288,0.6030338582441894
2025-05-18,3192.3905898050743,3195.498545681325,3.1079558762507986,0.09735512584757271
2025-05-19,3192.3905898050743,3179.2800039553777,13.11058584969669,0.41068238615805513
2025-05-20,3192.3905898050743,3151.8344040725246,40.55618573254969,1.270401744137018
2025-05-21,3192.3905898050743,3146.6524052378527,45.73818456722165,1.432725203278287
2025-05-22,3192.3905898050743,3165.016008837669,27.374580967405564,0.8574947268303107
2025-05-23,3192.3905898050743,3185.8829770339635,6.507612771110871,0.20384763668621833
2025-05-24,3192.3905898050743,3190.149433551045,2.2411562540291925,0.07020307167883351
2025-05-25,3192.467941290223,3196.804938842053,4.336997551830336,0.13585093512568075
2025-05-26,3192.467941290223,3207.2533120281164,14.785370737893572,0.4631329432212912
2025-05-27,3192.467941290223,3203.1708339557667,10.702892665543914,0.33525450724552563
2025-05-28,3192.467941290223,3207.7692128822187,15.301271591995828,0.47929288166357853
2025-05-29,3192.467941290223,3216.656143850891,24.188202560668287,0.7576646972026514
2025-05-30,3192.467283802599,3213.9155492530863,21.44826545048727,0.6718397885957313
2025-05-31,3192.467283802599,3194.2050957148276,1.737811912228608,0.05443476025723504
2025-06-01,3192.912054842203,3189.080307247004,3.8317475951989763,0.12000792785344491
2025-06-02,3192.912054842203,3201.9975354749345,9.08548063273156,0.2845515465718198
2025-06-03,3192.912054842203,3205.6416418489525,12.729587006749625,0.398682669240595
2025-06-04,3192.912054842203,3211.952268255047,19.04021341284397,0.596327524397942
2025-06-05,3192.8347033570544,3213.0736243569695,20.23892099991508,0.633885649596429
2025-06-06,3192.8347033570544,3199.7406808211845,6.905977464130046,0.21629611632787843
2025-06-07,3192.8347033570544,3176.1557062656866,16.67899709136782,0.5223883677357603
2025-06-08,3192.8347033570544,3176.760479756026,16.07422360102828,0.5034467830147078
2025-06-09,3192.912054842203,3198.586330102298,5.674275260094873,0.177714736974655
2025-06-10,3192.912054842203,3205.2708942511917,12.358839408988842,0.38707108735569695
2025-06-11,3192.912054842203,3206.4643732859495,13.552318443746572,0.42445010106663716
2025-06-12,3192.912054842203,3201.5249737899494,8.612918947746493,0.26975121142734243
2025-06-13,3192.912054842203,3191.024278046259,1.8877767959438643,0.05912398348338349
2025-06-14,3192.912054842203,3181.4305125376673,11.481542304535651,0.35959469309915215
2025-06-15,3192.912054842203,3198.0828636051747,5.170808762971774,0.16194648252619412
2025-06-16,3192.912054842203,3224.073285761462,31.161230919259197,0.9759501791476438
2025-06-17,3192.912054842203,3215.5645994849942,22.652544642791327,0.7094634695132823
2025-06-18,3192.912054842203,3187.4007142660184,5.511340576184466,0.1726117250184281
2025-06-19,3192.912054842203,3152.8197662032276,40.09228863897533,1.2556652970811857
2025-06-20,3192.912054842203,3124.8674353762667,68.0446194659362,2.1311147409382385
2025-06-21,3192.912054842203,3113.866760267556,79.04529457464696,2.4756489755103344
2025-06-22,3192.912054842203,3141.4146159561674,51.497438886035525,1.6128674389242013
2025-06-23,3192.912054842203,3185.6867097120867,7.225345130116239,0.2262932710332143
2025-06-24,3192.912054842203,3201.122332657914,8.210277815710924,0.2571407440821819
2025-06-25,3192.912054842203,3202.092969133455,9.180914291252066,0.28754046881212314
2025-06-26,3192.912054842203,3197.498251998261,4.586197156058006,0.14363681420860996
2025-06-27,3192.8347033570544,3190.8336552588903,2.0010480981641194,0.06267308783821943
2025-06-28,3192.8347033570544,3183.250353938321,9.584349418733382,0.3001830758308932
2025-06-29,3192.8347033570544,3195.626627653566,2.791924296511752,0.08744343368531506
2025-06-30,3192.8347033570544,3216.3770269810443,23.542323623989887,0.7373486513171725
2025-07-01,3193.113168703589,3214.4801548838086,21.366986180219556,0.6691584372781438
2025-07-02,3193.113168703589,3212.322068844196,19.208900140607057,0.6015727951291471
2025-07-03,3193.1905201887375,3214.6929567685706,21.502436579833102,0.6733840791485932
2025-07-04,3193.1905201887375,3213.5335414104825,20.343021221744948,0.6370750850325884
2025-07-05,3193.1905201887375,3201.7197548680124,8.52923467927485,0.26710697734285893
2025-07-06,3193.1905201887375,3202.156758709436,8.966238520698425,0.2807924696008575
2025-07-07,3193.1905201887375,3212.70991598154,19.519395792802243,0.6112819034565005
2025-07-08,3193.1905201887375,3209.5863199606365,16.395799771898965,0.5134613693807994
2025-07-09,3193.113168703589,3213.179897705259,20.066729001669955,0.6284377640713903
2025-07-10,3193.113168703589,3219.406191759897,26.293023056307902,0.8234291009166747
2025-07-11,3193.113168703589,3213.70476135109,20.591592647500875,0.6448751284271301
2025-07-12,3193.113168703589,3191.828768775431,1.284399928158109,0.04022406536501111
2025-07-13,3193.113168703589,3186.6171058589534,6.496062844635617,0.20343979375065596
2025-07-14,3193.113168703589,3203.1623987066423,10.049230003053253,0.3147157483031916
2025-07-15,3193.113168703589,3214.152478845072,21.03931014148293,0.658896475943724
2025-07-16,3193.113168703589,3227.203246067634,34.0900773640451,1.067612563756572
2025-07-17,3193.113168703589,3226.2811494220123,33.16798071842322,1.0387348949454709
2025-07-18,3193.113168703589,3195.587567344725,2.474398641135849,0.07749173018319487
2025-07-19,3193.113168703589,3141.521080623048,51.59208808054109,1.6157300212910273
2025-07-20,3193.113168703589,3111.4056946804035,81.70747402318557,2.5588655868516863
2025-07-21,3193.113168703589,3118.917205249894,74.19596345369519,2.323624611269851
2025-07-22,3193.113168703589,3136.159499698351,56.953669005238226,1.7836407917969765
2025-07-23,3193.113168703589,3165.5347188492533,27.57844985433576,0.863685325175389
2025-07-24,3193.113168703589,3187.4721060052284,5.641062698360656,0.17666341279883105
2025-07-25,3193.1518444461635,3185.6050010869712,7.54684335919228,0.23634464400177133
2025-07-26,3193.1518444461635,3164.409164757018,28.74267968914546,0.9001350730983084
2025-07-27,3193.1518444461635,3163.899203461245,29.252640984918344,0.9161055411692164
2025-07-28,3193.1518444461635,3187.261477227741,5.890367218422398,0.18446874766283008
2025-07-29,3193.1518444461635,3200.725850816943,7.574006370779443,0.23719530857741333
2025-07-30,3193.1518444461635,3211.6378497681408,18.486005321977245,0.5789265973721194
2025-07-31,3193.1518444461635,3214.0279274733784,20.876083027214918,0.6537767085371968
2025-08-01,3193.6663865253713,3203.9621705058075,10.295783980436227,0.3223813239816129
2025-08-02,3193.6663865253713,3187.8664860243684,5.799900501002867,0.1816063357611066
2025-08-03,3193.6663865253713,3196.695164918567,3.0287783931958074,0.09483703138107177
2025-08-04,3193.6663865253713,3222.328634240655,28.662247715283684,0.8974715654776793
2025-08-05,3193.6663865253713,3227.5348294896166,33.86844296424533,1.0604878176111985
2025-08-06,3193.74373801052,3226.3465585948966,32.602820584376786,1.020833957225575
2025-08-07,3193.74373801052,3222.4079504514307,28.664212440910887,0.8975113469425289
2025-08-08,3193.74373801052,3214.770404686595,21.026666676075365,0.6583705018604127
2025-08-09,3193.74373801052,3203.5600844721334,9.816346461613648,0.3073617442997649
2025-08-10,3193.74373801052,3210.831018149176,17.087280138656297,0.5350235191161732
2025-08-11,3193.74373801052,3226.337681819094,32.593943808574295,1.0205560145811214
2025-08-12,3193.74373801052,3220.2364255501925,26.492687539672716,0.8295182617305363
2025-08-13,3193.74373801052,3216.576156039819,22.832418029299333,0.7149107725068242
2025-08-14,3193.74373801052,3221.4455882840234,27.701850273503624,0.8673786172574995
2025-08-15,3193.74373801052,3224.965490477712,31.221752467192346,0.977591035110454
2025-08-16,3193.74373801052,3213.482440982642,19.738702972122155,0.6180427921376683
2025-08-17,3193.74373801052,3201.7182383787494,7.974500368229656,0.24969130344807233
2025-08-18,3193.74373801052,3184.7420475470217,9.001690463498107,0.28185387438459714
2025-08-19,3193.74373801052,3146.685878409129,47.057859601390646,1.4734388060422285
2025-08-20,3193.74373801052,3124.1404357046,69.6033023059199,2.179364032171157
2025-08-21,3193.74373801052,3127.0870803113153,66.65665769920452,2.0871010064422695
2025-08-22,3193.74373801052,3141.911387712792,51.83235029772777,1.6229339154811375
2025-08-23,3193.74373801052,3150.0202474082207,43.72349060229908,1.3690356581187624
2025-08-24,3193.74373801052,3164.3590665925453,29.38467141797446,0.9200697935858518
2025-08-25,3193.74373801052,3179.4443809619065,14.299357048613274,0.44773025707819564
2025-08-26,3193.74373801052,3174.965088231712,18.778649778807903,0.5879823592391823
2025-08-27,3193.74373801052,3177.8363662077986,15.907371802721173,0.4980791543604046
2025-08-28,3193.74373801052,3188.726000502236,5.017737508283972,0.15711146290684153
2025-08-29,3193.74373801052,3193.1476735948263,0.5960644156934904,0.01866350166418791
2025-08-30,3193.74373801052,3182.587363061992,11.156374948527628,0.34931966568730627
2025-08-31,3193.6663865253713,3184.3688600065752,9.297526518796076,0.2911239119409573
2025-09-01,3198.4580403001237,3200.866440612855,2.4084003127313736,0.07529879343064272
2025-09-02,3198.4580403001237,3207.5119052483,9.053864948176397,0.2830696802677717
2025-09-03,3198.4580403001237,3219.5319462370617,21.07390593693799,0.6588770486093526
2025-09-04,3198.5353917852726,3229.203532500285,30.668140715012214,0.9588182389282456
2025-09-05,3198.5353917852726,3223.973431632929,25.438039847656455,0.7953027474070916
2025-09-06,3198.5353917852726,3204.7092913167544,6.173899531481766,0.19302270493357848
2025-09-07,3198.5353917852726,3205.9209586705088,7.3855668852361305,0.23090464792743323
2025-09-08,3198.5353917852726,3227.9760235517447,29.440631766472052,0.9204410194141911
2025-09-09,3198.5353917852726,3237.445219207373,38.909827422100534,1.2164888818185904
2025-09-10,3198.5353917852726,3243.0951282021592,44.55973641688661,1.3931293845091846
2025-09-11,3198.5353917852726,3240.146933822525,41.61154203725255,1.3009561233595397
2025-09-12,3198.5353917852726,3226.071671453971,27.53627966869817,0.8609027662916904
2025-09-13,3198.5353917852726,3209.075218637768,10.53982685249548,0.32952040735783894
2025-09-14,3198.5353917852726,3220.2757900867114,21.740398301438745,0.6796985381895141
2025-09-15,3198.5353917852726,3247.4029572399368,48.867565454664145,1.5278106842328407
2025-09-16,3198.5353917852726,3245.226089669886,46.6906978846132,1.4597524230786343
2025-09-17,3198.5353917852726,3221.424159157249,22.888767371976428,0.7156015040746818
2025-09-18,3198.5353917852726,3182.0122328193556,16.52315896591699,0.5165851535785114
2025-09-19,3198.5353917852726,3139.087971545442,59.447420239830535,1.8585825372608982
2025-09-20,3198.5353917852726,3109.5703841197014,88.96500766557119,2.781429522213762
2025-09-21,3198.5353917852726,3124.107954642736,74.42743714253675,2.326922419982817
2025-09-22,3198.5353917852726,3165.3112954515527,33.2240963337199,1.038728426111795
2025-09-23,3198.5353917852726,3184.4849394341204,14.050452351152217,0.43927768900846564
2025-09-24,3198.5353917852726,3188.7874831962617,9.747908589010876,0.30476162977737287
2025-09-25,3198.5353917852726,3182.332669500994,16.20272228427848,0.5065669220322392
2025-09-26,3198.5353917852726,3169.903482561581,28.631909223691764,0.8951568676471882
2025-09-27,3198.5353917852726,3157.8977118300195,40.637679955253134,1.2705089979501862
2025-09-28,3198.5353917852726,3171.0326570668994,27.502734718373176,0.8598540065871348
2025-09-29,3198.5353917852726,3196.7817246176537,1.7536671676189144,0.05482719284966547
2025-09-30,3198.5353917852726,3199.9493425111286,1.4139507258560116,0.04420619291840352
2025-10-01,3205.705603728342,3200.008185334639,5.697418393702719,0.17772743657672221
2025-10-02,3205.705603728342,3202.8900453038914,2.8155584244505008,0.08782960048408416
2025-10-03,3205.705603728342,3204.1764181514127,1.5291855769291942,0.04770199656358652
2025-10-04,3205.705603728342,3198.813548204582,6.892055523760064,0.21499340163190203
2025-10-05,3205.705603728342,3207.911526159705,2.2059224313629784,0.06881238342028094
2025-10-06,3205.705603728342,3225.490844679181,19.785240950839125,0.6171883321983227
2025-10-07,3205.705603728342,3225.8390732689586,20.133469540616716,0.6280511072882308
2025-10-08,3205.705603728342,3231.2975840566655,25.591980328323643,0.7983259691270254
2025-10-09,3205.705603728342,3241.3995270554096,35.69392332706775,1.1134498216415922
2025-10-10,3205.705603728342,3242.7481727842314,37.042569055889544,1.1555199895089496
2025-10-11,3205.6282522431934,3228.1093222369473,22.481069993753863,0.7012999707006684
2025-10-12,3205.6282522431934,3225.952228322,20.32397607880648,0.6340091389132358
2025-10-13,3205.6282522431934,3240.310418526589,34.68216628339542,1.0819147934301483
2025-10-14,3205.6282522431934,3247.939269169773,42.31101692657967,1.3198978046494259
2025-10-15,3205.6282522431934,3262.298268852264,56.670016609070444,1.7678287109372284
2025-10-16,3205.6282522431934,3269.2136701435556,63.585417900362245,1.9835555746636326
2025-10-17,3205.6282522431934,3248.050774684691,42.42252244149768,1.323376234028752
2025-10-18,3205.6282522431934,3197.0028383799604,8.625413863233007,0.2690709335119325
2025-10-19,3205.6282522431934,3158.6423745342477,46.985877708945736,1.4657307089824454
2025-10-20,3205.6282522431934,3149.6829874406253,55.94526480256809,1.745219981868435
2025-10-21,3205.6282522431934,3150.9171490444865,54.71110319870695,1.7067201463682482
2025-10-22,3205.6282522431934,3172.215064304749,33.41318793844448,1.0423288450575336
2025-10-23,3205.6282522431934,3194.605899631224,11.022352611969382,0.3438437568129212
2025-10-24,3205.6282522431934,3195.813196831854,9.815055411339472,0.30618195994720276
2025-10-25,3206.169712639233,3173.599830067608,32.56988257162493,1.015850235351836
2025-10-26,3206.169712639233,3166.201045155665,39.96866748356797,1.246617336755603
2025-10-27,3206.169712639233,3180.740868905187,25.428843734045586,0.7931221991712112
2025-10-28,3206.169712639233,3188.7613994715907,17.408313167642063,0.5429629348382812
2025-10-29,3206.169712639233,3199.2992819423152,6.870430696917538,0.21428780484804666
2025-10-30,3206.169712639233,3203.474919547226,2.6947930920068757,0.08405023231875627
2025-10-31,3206.2470641243813,3193.375735254154,12.871328870227444,0.4014453226093659
2025-11-01,3210.25290416151,3174.581587700999,35.67131646051075,1.1111684196054887
2025-11-02,3210.25290416151,3181.0048702962604,29.248033865249454,0.9110819221543165
2025-11-03,3210.25290416151,3207.99244354559,2.260460615919783,0.07041378618455593
2025-11-04,3210.1755526763613,3218.5868092190985,8.411256542737192,0.2620185844890828
2025-11-05,3210.1755526763613,3223.6323116924673,13.456759016105934,0.4191907512623998
2025-11-06,3210.1755526763613,3223.4930807073433,13.317528030981975,0.41485357459279737
2025-11-07,3210.1755526763613,3217.2965685942777,7.121015917916338,0.22182637058523058
2025-11-08,3210.1755526763613,3208.466597699028,1.7089549773331782,0.0532355613981423
2025-11-09,3210.25290416151,3221.9067125476236,11.653808386113724,0.36301838933022
2025-11-10,3210.25290416151,3246.3623155325167,36.1094113710069,1.1248151609550017
2025-11-11,3210.25290416151,3247.6898905086355,37.43698634712564,1.1661693786989613
2025-11-12,3210.25290416151,3246.643281206926,36.390377045416244,1.1335672961542291
2025-11-13,3210.25290416151,3250.8294127601207,40.57650859861087,1.2639661051629547
2025-11-14,3210.25290416151,3255.911269844979,45.65836568346913,1.4222669380434592
2025-11-15,3210.7122946318073,3252.6269713395527,41.91467670774546,1.3054634878941116
2025-11-16,3210.9056733446782,3254.057913516483,43.152240171804806,1.3439273700885384
2025-11-17,3210.9056733446782,3247.8688915871976,36.96321824251936,1.1511773313482667
2025-11-18,3210.9056733446782,3210.745056132252,0.16061721242613203,0.0050022401392695905
2025-11-19,3210.9056733446782,3178.1285265438823,32.77714680079589,1.0208069041982535
2025-11-20,3210.9056733446782,3166.426085055057,44.47958828962146,1.3852661153788666
2025-11-21,3210.906524211015,3170.9401669318286,39.96635727918647,1.2447063462555021
2025-11-22,3210.9838756961635,3177.418197702436,33.565677993727604,1.0453393505892437
2025-11-23,3210.9838756961635,3195.6200688182007,15.363806877962816,0.4784766125501591
2025-11-24,3210.9838756961635,3212.84405534342,1.8601796472567003,0.05793176544224783
2025-11-25,3210.9838756961635,3204.033436814391,6.950438881772698,0.21645823058721508
2025-11-26,3210.9838756961635,3197.4755557895232,13.508319906640281,0.42069099159557705
2025-11-27,3210.9838756961635,3199.2111051309935,11.772770565170049,0.3666406005423378
2025-11-28,3210.9838756961635,3198.7565828087127,12.227292887450858,0.38079583581838744
2025-11-29,3210.9838756961635,3186.852727089302,24.131148606861643,0.7515188347568342
2025-11-30,3210.9838756961635,3186.8706944815567,24.11318121460681,0.7509592744179977
2025-12-01,3217.7257151144804,3198.5112100411793,19.214505073301098,0.597145523717129
2025-12-02,3217.7257151144804,3198.597826787519,19.12788832696151,0.5944536613892517
2025-12-03,3217.7257151144804,3206.250131122235,11.475583992245447,0.35663648826068967
2025-12-04,3217.7257151144804,3216.0610578045726,1.6646573099078523,0.0517339716710014
2025-12-05,3217.9964453125003,3213.9132288235182,4.083216488982089,0.12688691732179855
2025-12-06,3217.9964453125003,3197.037809076616,20.958636235884114,0.6512945738772815
2025-12-07,3218.1219480971536,3198.2038712879375,19.918076809216018,0.6189348051584371
2025-12-08,3218.1219480971536,3219.8694053723125,1.7474572751589221,0.05430053004026705
2025-12-09,3218.1219480971536,3232.3249048661305,14.202956768976946,0.44134302546785176
2025-12-10,3218.1219480971536,3245.558323876685,27.436375779531318,0.8525586109548832
2025-12-11,3218.1219480971536,3251.814405122815,33.6924570256615,1.0469602323673142
2025-12-12,3218.315326810025,3244.1580026403008,25.842675830275766,0.8029876878438407
2025-12-13,3219.421259668936,3229.6527201075983,10.231460438662452,0.3178043385261918
2025-12-14,3219.421259668936,3243.3568740045207,23.935614335584887,0.7434756872434355
2025-12-15,3228.0387565748765,3278.6757438072045,50.63698723232801,1.5686610679376287
2025-12-16,3232.9660461788367,3292.0353624450763,59.06931626623964,1.8270936168988186
2025-12-17,3233.9847652382427,3286.0465911657225,52.06182592747973,1.6098352251713348
2025-12-18,3233.9847652382427,3258.2655962149192,24.280830976676498,0.7508022683863127
2025-12-19,3236.1274013768566,3215.7715328600643,20.35586851679227,0.6290193800198217
2025-12-20,3241.0519836788367,3178.2493667506633,62.80261692817339,1.937723222102958
2025-12-21,3245.0521770575497,3184.768293166869,60.2838838906805,1.857716936475977
2025-12-22,3245.374810102104,3225.151842684172,20.222967417932068,0.6231319524322007
2025-12-23,3246.535082379332,3251.070450115756,4.535367736424178,0.13969871328481936
2025-12-24,3246.535082379332,3263.56778771365,17.032705334318052,0.5246425774593837
2025-12-25,3246.535082379332,3259.8753670249853,13.340284645653355,0.410908377921377
2025-12-26,3246.535082379332,3242.869022327171,3.6660600521609013,0.11292223737419485
2025-12-27,3246.535082379332,3222.8024402457527,23.732642133579247,0.731014497960884
2025-12-28,3246.535082379332,3229.6724064799223,16.862675899409624,0.5194053189485711
2025-12-29,3246.535082379332,3252.6611510470593,6.126068667727395,0.18869559429611032
2025-12-30,3246.535082379332,3253.731007554054,7.195925174722106,0.2216493890294982
2025-12-31,3246.535082379332,3248.492356586122,1.9572742067898616,0.06028809660530166
2026-01-01,3246.415187577352,3242.1922976201936,4.222889957158259,0.13007855474917257
2026-01-02,3246.415187577352,3233.5718493617483,12.84333821560358,0.395616009460206
2026-01-03,3246.415187577352,3221.2789067514736,25.136280825878202,0.7742780689932712
2026-01-04,3246.299160349629,3226.9597172291756,19.339443120453325,0.595738167223333
2026-01-05,3245.2317098545795,3241.7259250474053,3.505784807174223,0.10802879796004825
2026-01-06,3242.2903809560644,3236.8737278005146,5.416653155549739,0.1670625551420386
2026-01-07,3242.2903809560644,3235.108800094907,7.181580861157272,0.2214971522396343
2026-01-08,3240.590968827352,3239.5403561338953,1.0506126934565145,0.03242040428930442
2026-01-09,3240.590968827352,3239.8805051441154,0.7104636832364122,0.021923892588440505
2026-01-10,3240.590968827352,3228.1175066559117,12.473462171440133,0.38491319303879346
2026-01-11,3236.269264000619,3228.616600952183,7.6526630484358975,0.23646558503527643
2026-01-12,3235.057166228342,3242.2696219524046,7.212455724062693,0.22294677816996608
2026-01-13,3232.271352490718,3247.4555522186283,15.184199727910254,0.4697687190219855
2026-01-14,3232.271352490718,3263.229539865685,30.95818737496711,0.957784294660515
2026-01-15,3232.271352490718,3279.808544567353,47.53719207663471,1.470705485169232
2026-01-16,3232.1640273050743,3274.8617844976056,42.6977571925313,1.3210269290736458
2026-01-17,3232.241378790223,3239.068838531437,6.82745974121417,0.21122988481044633
2026-01-18,3232.241378790223,3207.3954245959217,24.845954194301157,0.7686911737885309
2026-01-19,3232.241378790223,3195.200698089271,37.040680700951725,1.145975079213158
2026-01-20,3232.241378790223,3189.4570369265507,42.784341863672125,1.3236740963846467
2026-01-21,3231.045331451114,3208.674006608949,22.371324842164995,0.6923865977490844
2026-01-22,3232.241378790223,3237.9206606024113,5.679281812188492,0.17570723057552584
2026-01-23,3232.241378790223,3251.420956575964,19.179577785741003,0.5933832142486715
2026-01-24,3232.241378790223,3239.4023469131216,7.160968122898794,0.22154806166051347
2026-01-25,3232.241378790223,3235.0448027277976,2.8034239375747347,0.08673312444951163
2026-01-26,3232.241378790223,3246.552894009616,14.311515219393186,0.4427737146521452
2026-01-27,3232.241378790223,3250.5781612069186,18.33678241669577,0.5673085722192858
2026-01-28,3232.241378790223,3259.934135451386,27.692756661163003,0.8567663554733641
2026-01-29,3232.241378790223,3264.815906890664,32.57452810044106,1.0077999840665735
2026-01-30,3232.241378790223,3253.231018437342,20.98963964711902,0.649383421202754
2026-01-31,3234.2893753867575,3228.0167365250936,6.272638861663836,0.19394179473856607
2026-02-01,3235.730008121906,3224.4699446815325,11.260063440373415,0.3479914397094281
2026-02-02,3235.730008121906,3241.886533423363,6.156525301456895,0.19026696559983655
2026-02-03,3235.730008121906,3245.7440789935413,10.01407087163534,0.30948413021170895
2026-02-04,3235.730008121906,3245.5023577475113,9.77234962560533,0.3020137527258472
2026-02-05,3235.730008121906,3238.1245169776353,2.3945088557293275,0.0740021216145644
2026-02-06,3236.604853418936,3221.2821653330698,15.322688085866048,0.4734185598739424
2026-02-07,3236.604853418936,3200.8156090240445,35.789244394891284,1.1057650227857099
2026-02-08,3236.604853418936,3205.7055463061397,30.899307112796123,0.9546827157524692
2026-02-09,3235.432978418936,3226.2963162013884,9.136662217547382,0.2823938025757594
2026-02-10,3234.257390547649,3225.8535836354545,8.40380691219434,0.2598372948533742
2026-02-11,3234.257390547649,3221.1059499487255,13.151440598923273,0.4066293745624362
2026-02-12,3234.257390547649,3218.8813399686924,15.376050578956438,0.4754120876060779
2026-02-13,3234.102687577352,3219.1156168754414,14.987070701910397,0.4634073852842665
2026-02-14,3234.102687577352,3218.5126066511248,15.590080926227074,0.4820527494723897
2026-02-15,3234.102687577352,3232.0462504272136,2.0564371501382084,0.06358601902275014
2026-02-16,3233.4598967357674,3242.484967148089,9.025070412321384,0.2791149635544373
2026-02-17,3233.4598967357674,3218.1542146940233,15.305682041744149,0.47335308092719797
2026-02-18,3233.4598967357674,3189.497854653806,43.9620420819615,1.359597566876952
2026-02-19,3233.4598967357674,3175.6256689454426,57.8342277903248,1.7886174450071097
2026-02-20,3233.4598967357674,3180.1127702883323,53.34712644743513,1.6498465467683692
2026-02-21,3233.4598967357674,3195.6870107970144,37.77288593875301,1.168187858983047
2026-02-22,3233.4598967357674,3232.160388149584,1.2995085861834923,0.04018941405444268
2026-02-23,3233.4598967357674,3270.326815194084,36.86691845831638,1.1401693429237876
2026-02-24,3233.4598967357674,3277.79032652035,44.33042978458252,1.3709905550192487
2026-02-25,3233.4598967357674,3280.4168204824455,46.95692374667806,1.4522191474860062
2026-02-26,3233.4598967357674,3287.5435941529713,54.083697417203894,1.6726262005538495
2026-02-27,3233.4598967357674,3293.376299159887,59.9164024241195,1.8530120780098778
2026-02-28,3233.4598967357674,3289.7584041939353,56.29850745816793,1.7411227989869993
2026-03-01,3229.0912224503236,3296.613305684735,67.52208323441164,2.091055302648713
2026-03-02,3229.0912224503236,3309.1908559332696,80.09963348294605,2.48056273313221
2026-03-03,3229.0912224503236,3303.075090893035,73.98386844271135,2.291166874702609
2026-03-04,3229.0912224503236,3300.0402546430996,70.94903219277603,2.197182653109996
2026-03-05,3229.0912224503236,3297.941301715593,68.85007926526941,2.132181301865609
2026-03-06,3229.0912224503236,3282.836511571738,53.74528912141432,1.6644091299666324
2026-03-07,3229.0912224503236,3248.778936464503,19.68771401417962,0.6096982914976319
2026-03-08,3229.0912224503236,3225.378183530367,3.713038919956489,0.11498711755621857
2026-03-09,3229.0912224503236,3215.397071119732,13.694151330591467,0.4240868525293617
2026-03-10,3229.0912224503236,3192.7560131060695,36.335209344254054,1.1252456756759537
2026-03-11,3229.0912224503236,3170.7207793884554,58.37044306186817,1.8076430500335965
2026-03-12,3229.0912224503236,3141.041440281545,88.04978216877862,2.7267666381367826
2026-03-13,3229.0912224503236,3093.0713306057837,136.01989184453987,4.212327322896881
2026-03-14,3229.0912224503236,3031.2272391721585,197.86398327816505,6.127543932562562
2026-03-15,3229.0912224503236,2992.778292664935,236.3129297853884,7.318248804568228
2026-03-16,3229.0912224503236,2977.392309513106,251.69891293721776,7.794729092423151
2026-03-17,3229.0912224503236,2946.6176516301794,282.47357082014423,8.747773022212593
2026-03-18,3229.0912224503236,2902.148617360227,326.94260509009655,10.12491077418381
2026-03-19,3229.0912224503236,2834.8367939519735,394.2544284983501,12.209454652667846
2026-03-20,2837.6508841128343,2744.973893851706,92.67699026112814,3.26597576819612
2026-03-21,1800.0,2651.7002265885662,851.7002265885662,47.316679254920345
2026-03-22,1800.0,2601.045351448363,801.0453514483629,44.502519524909054
